title,company,location,posted,summary,job_salary,job_link
Data & Analytics Intern,The Coca-Cola Company,"Hybrid remote in Atlanta, GA",Posted2 days ago,Understand data life cycle and lineage. Able to translate business needs to technical specifications and insights from data into a compelling story., ,https://www.indeed.com/rc/clk?jk=9f47f89c00ac146e&fccid=6bb4fc4a8a4cb4d9&vjs=3
Data Analytics & Business Intelligence Intern,The Coca-Cola Company,"Atlanta, GA 30313 (Downtown area)",Posted2 days ago,Understand data life cycle and lineage. Passionate with an aptitude to quickly learn new and emerging technologies., ,https://www.indeed.com/rc/clk?jk=d43e0fc1084a6153&fccid=6bb4fc4a8a4cb4d9&vjs=3
Data Science Intern,CO-OP Financial Services,"Alpharetta, GA",Posted11 days ago,Create enterprise level end-to-end data flow diagrams and logical data models. We are seeking a talented Data Science Intern to assist with strategic projects…, ,https://www.indeed.com/rc/clk?jk=a7b714d9d1d3e04f&fccid=085fae7e48252893&vjs=3
Data Management Analyst Intern - Spring 2022,MRI Software,"Atlanta, GA 30326 (Buckhead area)",Posted4 days ago,"Collect data and documents from various sources. Interns will collect data and documents from various sources and process monthly, quarterly, and annual…", ,https://www.indeed.com/rc/clk?jk=a943aba521c6cc8a&fccid=4974627ac3bc5640&vjs=3
Data Science Intern,Honeywell,"Atlanta, GA 30308 (Midtown area)",Posted30+ days ago,"Extracting, transforming, and loading data in preparation for analysis. Refining and petrochemicals process technologies and controls.", ,https://www.indeed.com/rc/clk?jk=3361d3123483bbb0&fccid=50208b5bf45ee3b8&vjs=3
Data Analytics Intern,"Mather Economics, LLC","Atlanta, GA 30350",Posted22 days ago,Verify and monitor ongoing data collection from client website tags to ensure data integrity and consistency. Industry research and data gathering., ,https://www.indeed.com/rc/clk?jk=682937a2060987a5&fccid=69c044cc804b24cb&vjs=3
"Summer 2022 Hybrid Intern, WarnerMedia Sports Data Project M...",WarnerMedia,"Atlanta, GA",Posted30+ days ago,"Meet with stakeholders across functional groups to understand and capture data related needs, gaps and requirements. Experience working with technical projects.", ,https://www.indeed.com/rc/clk?jk=6bf0ab2202e7ed82&fccid=fdb210f6a49b1c13&vjs=3
Intern Business Analyst,The Coca-Cola Company,"Atlanta, GA 30313 (Downtown area)",Posted22 days ago,"This role will provide the candidate with the opportunity to work and develop skillsets in reporting automation (Power BI and Tableau), Power Apps, Supply Chain…", ,https://www.indeed.com/rc/clk?jk=81e3c3fe27dec378&fccid=6bb4fc4a8a4cb4d9&vjs=3
Data Analytics Intern,Cox Communications Inc,"Atlanta, GA 30328",Posted28 days ago,"Experience in data visualization solutions and data visualization tools. Tests new technologies, tools, and data. Job Level: Intern/Co-op.", ,https://www.indeed.com/rc/clk?jk=259501f3ad5726d4&fccid=c7e6b037b4d816c9&vjs=3
Data Analyst Intern,Jackson Healthcare LLC,"Alpharetta, GA 30009",Posted1 day ago,As a data intern you will have the opportunity to partner with our data team to support our data and corporate project. ESSENTIAL FUNCTIONS AND BASIC DUTIES:, ,https://www.indeed.com/rc/clk?jk=82339e07302728c6&fccid=abc8293b09c83aa1&vjs=3
"Intern, Analytical Chemist",The Coca-Cola Company,"Atlanta, GA 30313 (Downtown area)",Posted4 days ago,Supporting data analysis and creating a report. Basic knowledges of sensory science with experiences of aligning analytical data with sensory evaluations., ,https://www.indeed.com/rc/clk?jk=e02241d4b7864e42&fccid=6bb4fc4a8a4cb4d9&vjs=3
"Summer Intern, Data Visualization Marketing Analyst",SiriusXM,"Remote in Atlanta, GA",Posted18 days ago,The intern will be responsible for distilling internal data into key metrics and insights related to Pandora's on- and off-platform marketing efforts., ,https://www.indeed.com/rc/clk?jk=eb6b8fbe4f08cb69&fccid=25039f950f78d541&vjs=3
"IT Summer 2022 Intern – Atlanta, GA or Eagan, MN",Delta,"Atlanta, GA",Posted30+ days ago,"Interns may be assigned to assist in providing computer software development, business analysis, data analytics and/or technical support for IT operations in…", ,https://www.indeed.com/rc/clk?jk=6ce3c93f42093866&fccid=3f721eb1d31080a6&vjs=3
Financial Crimes Unit Data & Analytics Tech Intern-Summer 20...,PRICE WATERHOUSE COOPERS,"Atlanta, GA 30309 (Midtown area)",Posted2 days ago,"Handle, manipulate and analyse data and information responsibly. You'll make impactful decisions by mixing mind and machine to leverage data, understand and…", ,https://www.indeed.com/rc/clk?jk=c4cbc14615bd7cd7&fccid=5e964c4afc56b180&vjs=3
Data Science Intern,Novelis Corporate HQ,"Remote in Atlanta, GA",Posted30+ days ago,Novelis manufacturing processes produce the operational run-time data for each coil across 15+ machine centers in various plant throughout the globe., ,https://www.indeed.com/rc/clk?jk=8679d69c5f7dac7d&fccid=9d58b2ccf32109ad&vjs=3
2022 Undergraduate Summer Internship Program - Data Analytic...,U.S. Bank,"Atlanta, GA",Posted30+ days ago,Build advanced data visualization presentations & reports. Prepare data for consumption into machine learning models. Pursuing a Bachelor's degree.,Full-time +1,https://www.indeed.com/rc/clk?jk=4030d715d8fbc89a&fccid=ae5bfc395c530fbc&vjs=3
Data Services Analyst Intern,Children's Healthcare of Atlanta,"Brookhaven, GA 30329",Posted3 days ago,Job DescriptionSeeking an intern to assist in technical implementation and documentation of projects in Children’s Business Intelligence Data Services…,Full-time +1,https://www.indeed.com/rc/clk?jk=7bbbda81aae5f4fc&fccid=5d7180a195e12cf4&vjs=3
Data Science Accelerator Internship - Summer 2022,Truist Financial,"Atlanta, GA 30309 (Midtown area)",Posted22 days ago,Work alongside experts to complete data & analytics projects that serve business objectives and drive value. 1st shift (United States of America).,Temporary +3,https://www.indeed.com/rc/clk?jk=b88ff4492f293839&fccid=035229327af06091&vjs=3
Sustainability Intern,UNITED PARCEL SERVICE,"Atlanta, GA 30328",Posted18 days ago,Demonstrates experience in data analysis. Assists with improving and streamlining data collection for corporate sustainability reporting process.,Internship,https://www.indeed.com/rc/clk?jk=331eda0e8a6d11eb&fccid=fcf465e707df52fb&vjs=3
Data Science Intern,Ryder System,"Atlanta, GA 30309 (Midtown area)",Posted4 days ago,The Ryder Internship program will allow students to apply their knowledge into current Ryder projects. Interns will develop a corporate business sense by…,Internship,https://www.indeed.com/rc/clk?jk=0161072a0cfdc96b&fccid=22f3171d623451cc&vjs=3
Data Science Intern - University Students - FinLab,McKinsey & Company,"Atlanta, GA",Posted4 days ago,"You will perform statistical data analyses, data mining and optimizations using multiple tools and techniques to get insights from large complex data sets.",Internship,https://www.indeed.com/rc/clk?jk=14452a12ce9e0293&fccid=6576e7250aa78c3c&vjs=3
Data Engineer - Intern,Artera,"Atlanta, GA",Posted9 days ago,Going through data sources to interpret data and draw conclusions. Help in data mining: Digging deep into batches of complex data and large data sets to spot…,Internship,https://www.indeed.com/rc/clk?jk=f1fc7d2474bbdd54&fccid=549e8ec12e61cc81&vjs=3
"Intern, Supply Chain",HD Supply,"Atlanta, GA",Posted7 days ago,Demonstrates skill in data analysis and techniques by resolving missing/incomplete information and inconsistencies/anomalies in routine research/data.,Internship,https://www.indeed.com/rc/clk?jk=1ab1114e98cb1b20&fccid=a19e63c0dc2e301a&vjs=3
Data Analyst - Procurement,The Coca-Cola Company,"Atlanta, GA 30313 (Downtown area)",Posted22 days ago,This role will provide the candidate with the opportunity to work and develop skillsets in Procurement – Supply Chain.,Full-time +1,https://www.indeed.com/rc/clk?jk=9e4f7061c4ab1039&fccid=6bb4fc4a8a4cb4d9&vjs=3
"Intern, BI and Data Insights",Transportation Insight,"Atlanta, GA",Posted2 days ago,"Moderate Excel & SQL capabilities with relative experience in data visualization. Ability to define problems, collect data, establish facts, and draw valid…",Full-time +1,https://www.indeed.com/company/Human-resource-admi/jobs/Intern-b5c7401febe7cc48?fccid=510610a77968a67a&vjs=3
DT Intern,GE Corporate,"Atlanta, GA 30305 (Buckhead area)",Posted30+ days ago,"Prior intern, co-op, or research experience in software, IT or relevant area. Digital intern assignments, typically 10 to 12 weeks in length, are dynamic and…",Full-time +1,https://www.indeed.com/rc/clk?jk=7841ed5896158b90&fccid=c5c99ec01e2125aa&vjs=3
2022 Summer Internship - Data Analyst,Cox Automotive,"Remote in Atlanta, GA+3 locations",Posted30+ days ago,"Handle data preparation and data analysis portions of various projects. They also build and validate metrics, monitor data quality, analyze various forms of…",$25 - $30 an hour,https://www.indeed.com/rc/clk?jk=9184396c5e2d9672&fccid=7e465a3d521b3ac3&vjs=3
Summer Solution Analyst - GCI Analytics,McKinsey & Company,"Atlanta, GA",Posted5 days ago,"In this role, you will interface directly with clients to support their use of the data in our benchmarks, working closely with GCI data engineers and the data…",Internship,https://www.indeed.com/rc/clk?jk=46d8fd96599dfe21&fccid=6576e7250aa78c3c&vjs=3
Data Science Internship,Home Depot / THD,"Atlanta, GA 30301 (Buckhead area)+1 location",Posted18 days ago,"During the 12-week period, interns will focus on working with a variety of data science roles and functions to translate business questions into actionable…",Internship,https://www.indeed.com/rc/clk?jk=6b350341c315247b&fccid=82e58e9861d48566&vjs=3
Supply Chain Finance Data Analytics Intern,"Carters, Inc","Atlanta, GA 30326 (Lenox area)",Posted21 days ago,Support the Supply Chain Finance team with Transportation / Distribution related functions. Data management – create automated report and dashboards.,Full-time +1,https://www.indeed.com/rc/clk?jk=1d342192ca140ddd&fccid=a9addf8bbe542dfe&vjs=3
"Summer 2022 Intern, Data Science, Tableau",Salesforce,"Atlanta, GA 30326 (Lenox area)",Posted1 day ago,"Experience with data manipulation, building data sets. Support and collaborate on the infrastructure required for optimal extraction, transformation and loading…",Full-time +1,https://www.indeed.com/rc/clk?jk=044c0bb1047a86e5&fccid=4027cfd917e1ee29&vjs=3
Systematic Trading Intern,Invesco,"Atlanta, GA 30309 (Midtown area)",Posted30+ days ago,"Recruiting and developing highly skilled interns are key components to achieving this vision. Utilize financial market software and other resources to source,…",Full-time +1,https://www.indeed.com/rc/clk?jk=0b15dd899cc80d7a&fccid=61e847dda35dc377&vjs=3
Software Engineering Intern,Invesco,"Atlanta, GA 30309 (Midtown area)",Posted30+ days ago,"Creation of BI Dashboards using BI and other data visualization tools. Apply data mining, quantitative analysis, and advanced modeling that translate into…",Full-time +1,https://www.indeed.com/rc/clk?jk=5f72d333111f0643&fccid=61e847dda35dc377&vjs=3
Consulting Intern,PYA,"Atlanta, GA 30326 (North Buckhead area)",Posted30+ days ago,"Assist with research and data analysis for client reports and presentations. Support client project requests by solving strategic issues requiring analytical,…",Full-time +1,https://www.indeed.com/rc/clk?jk=81878c788c9decc7&fccid=5dd4d7be4999f809&vjs=3
"IT Intern - Data Science/BI - Atlanta, GA",Oldcastle APG,"Atlanta, GA 30346",Posted18 days ago,"Concentration in computer science / engineering, data science / engineering or related technical major. Good understanding and hands-on experience with writing…",Full-time +1,https://www.indeed.com/rc/clk?jk=cd314b864746120e&fccid=4bf5b27e5a8f513f&vjs=3
Intern - Data Center Tech,Itron,"Atlanta, GA",Posted30 days ago,Documenting data center fixtures for remote access. Follow workplace safety protocols and maintain confidentiality of equipment and data.,Part-time +1,https://www.indeed.com/rc/clk?jk=ead6838b76220e91&fccid=bc47034515663039&vjs=3
Gas Power Data and Analytics Intern – Summer2022,GE Gas Power,"Atlanta, GA 30339",Posted30+ days ago,"GE is seeking sharp, personable, highly organized interns who are looking for the opportunity to grow their domain knowledge in the data field.",Internship,https://www.indeed.com/rc/clk?jk=01b9343cc3f7fdfa&fccid=38e057261a434f79&vjs=3
Intern - Data Center Operations - Summer 2022,Xylem,"Atlanta, GA 30308 (Old Fourth Ward area)",Posted18 days ago,You will have opportunities to utilize a plethora of tools commonly used by engineers in the industry to support applications in the data center and the cloud.,Full-time +1,https://www.indeed.com/rc/clk?jk=8f49437fdce16382&fccid=68ec8a8ee6cf5ac6&vjs=3
"Intern, Data Science & Analytics",Carrier,"Atlanta, GA 30339",Posted30+ days ago,"Engage in either data engineering or dashboard development and/or testing activities, as assigned by the Pod Lead. Proficiency in Microsoft Office applications.",Full-time +1,https://www.indeed.com/rc/clk?jk=5184c4e090daee35&fccid=9a2c8ce9d1b61aac&vjs=3
Actuarial Analyst Intern - Health,Milliman,"Atlanta, GA",Posted30+ days ago,Interns will be assigned two various mentors who will serve as resources throughout the program. 9 weeks of paid work ($25/hr) on various actuarial topics…,$25 an hour,https://www.indeed.com/rc/clk?jk=96fbbb1a67f23aa8&fccid=3d93143c99ff89a3&vjs=3
Data Science & Machine Learning Internship - Undergrad/Grad...,ADP,"Alpharetta, GA 30005",Posted8 days ago,"You bring prior experience to the role of formulating problems, extracting & analyzing data from multiple systems, summarizing critical findings/insights, and…",Internship,https://www.indeed.com/rc/clk?jk=3f37db847fd3e432&fccid=e996c2d6855fe778&vjs=3
FP&A 2022 Intern,UNITED PARCEL SERVICE,"Atlanta, GA 30328+12 locations",Posted30+ days ago,"Supports the enterprise financial analysis, reporting, planning organization by developing and delivering metrics/reporting solutions that expose ‘actionable…",Internship,https://www.indeed.com/rc/clk?jk=57c0adf0706b935f&fccid=fcf465e707df52fb&vjs=3
Global Procurement Intern,PepsiCo,"Stone Mountain, GA",Posted30+ days ago,Gather and analyze data to provide meaningful insights. Each intern is presented with a timely question for their team and challenged to think strategically to…,Full-time +1,https://www.indeed.com/rc/clk?jk=f80cf5a6d39d8d0c&fccid=2973259ddc967948&vjs=3
2022 - Summer - Consulting Intern - Data and Digital Service...,RSM US LLP,"Atlanta, GA 30309 (Midtown area)",Posted9 days ago,"Experience with data modeling/manipulation (normalized and de-normalized data models), understanding of the appropriate purpose for each.",Full-time +1,https://www.indeed.com/rc/clk?jk=97e6fbe7d6d0da3c&fccid=198b7374e1f8a26f&vjs=3
Intern- Member of Technical Staff – End User Computing - Opp...,VMware,"Remote in Atlanta, GA",Posted30+ days ago,"Interest to grow int eh data science space. During the first two weeks of employment, you will attend onboarding with other interns, learn about your new role,…",Full-time +1,https://www.indeed.com/rc/clk?jk=a5ac91978ba51160&fccid=c762a27145bd166e&vjs=3
Aircraft Sustainment Researcher Intern - Summer 2022- ELSYS,Georgia Tech Research Institute,"Smyrna, GA 30080",Posted15 days ago,"Ability to perform basic data analytics, modeling, simulation, and optimization in support of research. The Electronic Systems Laboratory (ELSYS) is currently…",Full-time +1,https://www.indeed.com/rc/clk?jk=f3eb34c6a9916bd1&fccid=db25687464a9ecf6&vjs=3
Intern- Member of Technical Staff – End User Computing - Opp...,VMware,"Remote in Atlanta, GA",Posted30+ days ago,Interest to grow int eh data science space. How? By joining VMware as an intern! What type of work will you be doing an intern? Pursuing a BS in CS or ECE.,Full-time +1,https://www.indeed.com/rc/clk?jk=a5ac91978ba51160&fccid=c762a27145bd166e&vjs=3
FP&A 2022 Intern,UNITED PARCEL SERVICE,"Atlanta, GA 30328",Posted30+ days ago,"Supports the enterprise financial analysis, reporting, planning organization by developing and delivering metrics/reporting solutions that expose ‘actionable…",Internship,https://www.indeed.com/rc/clk?jk=57c0adf0706b935f&fccid=fcf465e707df52fb&vjs=3
UPS Capital BIA Intern,UNITED PARCEL SERVICE,"Atlanta, GA 30328",Posted30 days ago,Preforms data analytics to support business. Manipulates large data sets and possesses analysis skills. UPS Capital BIA is seeking a dynamic Intern to impact…,Internship,https://www.indeed.com/rc/clk?jk=380489becaf50dac&fccid=fcf465e707df52fb&vjs=3
Real Estate Strategy Intern - Summer 2022 Internship,Level 5 Capital Partners,"Atlanta, GA 30307",Posted5 days ago,Strong excel functionality and data manipulation abilities. Collect data and insights from existing brand locations. What you'll do here:,Full-time +1,https://www.indeed.com/rc/clk?jk=0a8e0bcdd2e7811d&fccid=8c1606d17c10b9f3&vjs=3
"IT Intern - Data Science/BI - Atlanta, GA",Oldcastle APG,"Atlanta, GA 30346",Posted18 days ago,"Concentration in computer science / engineering, data science / engineering or related technical major. Good understanding and hands-on experience with writing…",Full-time +1,https://www.indeed.com/rc/clk?jk=cd314b864746120e&fccid=4bf5b27e5a8f513f&vjs=3
Laboratory Technician Intern,Gwinnett County,"Gwinnett County, GA",Posted30+ days ago,Assist with data analysis and reports. Gwinnett County's Department of Water Resources is currently recruiting to hire Laboratory/Research interns to assist our…,$16.39 an hour,https://www.indeed.com/rc/clk?jk=5c40904b02f52489&fccid=3720d878ea31de0f&vjs=3
B-SEEN Alzheimer's Registry intern,Georgia Department of Public Health,"Atlanta, GA",Posted10 days ago,Support BOLD team with data entry and data updates. Focus on biobehavioral surveillance and data management activities. A strong knowledge of SAS is required.,$13.75 an hour,https://www.indeed.com/rc/clk?jk=cca2ea408d7a1b45&fccid=8f83b455df0b0575&vjs=3
Security Services Developer: 2022 Intern,IBM,"Sandy Springs, GA 30328",Posted30+ days ago,"IBM provides you with the most comprehensive and consistent approach to development, security and operations across hybrid environments—with complete software…",Full-time +1,https://www.indeed.com/rc/clk?jk=de710d9d90434b90&fccid=de71a49b535e21cb&vjs=3
Internal Audit Intern (Summer 2022),JM Huber Corporation,"Hybrid remote in Atlanta, GA",Posted9 days ago,"Gain exposure to the application of advanced data analytics tools and techniques. Throughout the summer, interns will be supported by assigned mentors, be…",Internship,https://www.indeed.com/rc/clk?jk=1d2e4b3e14fe3c70&fccid=4fdfa8b3b6a4b7ca&vjs=3
Risk & Reg - Technology Risk Consulting Intern - Summer 2022,PRICE WATERHOUSE COOPERS,"Atlanta, GA 30309 (Midtown area)+1 location",Posted8 days ago,"Handle, manipulate and analyse data and information responsibly. Think broadly and ask questions about data, facts and other information.",Internship,https://www.indeed.com/rc/clk?jk=4f7ab9d94bd4282a&fccid=5e964c4afc56b180&vjs=3
Environmental Scientist Intern - Natural & Cultural Resource...,Burns & McDonnell,"Atlanta, GA",Posted10 days ago,"Participate in continuous improvement efforts by collecting and analyzing data. Assist with tasks that may include filing, scanning, data entry, documentation,…",Full-time +1,https://www.indeed.com/rc/clk?jk=5e0ce556d70d6b69&fccid=75aff752794baac1&vjs=3
Corporate Treasury 2022 Intern,UNITED PARCEL SERVICE,"Atlanta, GA 30328",Posted28 days ago,"Leverages tools such as Google Cloud and Microsoft SQL Server among others, to perform data analytics and streamline business processes.",Internship,https://www.indeed.com/rc/clk?jk=5b0a77860fc19371&fccid=fcf465e707df52fb&vjs=3
Data Science & Machine Learning Internship - Undergrad/Grad...,ADP,"Alpharetta, GA 30005",Posted8 days ago,You are passionate about learning and applying new techniques within data science that leads to innovation. You will continue learning and discovering new ways…,Internship,https://www.indeed.com/rc/clk?jk=3f37db847fd3e432&fccid=e996c2d6855fe778&vjs=3
Procurement Intern Summer 2022,WestRock,"Atlanta, GA 30328",Posted30+ days ago,"Work as a member of the Procurement team by conducting analyses on spend data, contract histories, and analyzing data for bidding and sourcing initiatives.",Internship,https://www.indeed.com/rc/clk?jk=43bbc114a1903416&fccid=1f4fef55263d4309&vjs=3
"2022 Summer Internship - Commercial Community Bank Industry,...",Truist Financial,"Atlanta, GA 30309 (Midtown area)",Posted2 days ago,Complete special projects or assignments that assist department in its mission and help intern learn about the corporate environment.,Temporary +3,https://www.indeed.com/rc/clk?jk=035da40b416651de&fccid=035229327af06091&vjs=3
Solutions Coop/Intern Summer 2022,MHS,"Atlanta, GA 30342 (Buckhead area)",Posted12 days ago,"Learning Objectives – The intern should learn a solid understanding of resource management, customer relationship management platforms as well as internal data…",Full-time +1,https://www.indeed.com/rc/clk?jk=fe3b2bee7f96cc75&fccid=8a363f9025e672b4&vjs=3
"Equity Research Intern- ATLANTA, GA",Janney Montgomery Scott LLC,"Atlanta, GA 30361 (Midtown area)",Posted30+ days ago,"Research and write reports while responding to requests for data, information and calls from internal and external clients.",Full-time +1,https://www.indeed.com/rc/clk?jk=21c11252b6b95cd9&fccid=5c51c70fdf965f44&vjs=3
"Intern, Risk Insight Analyst, Summer FIS University Program...",FIS Global,"Atlanta, GA 30363 (Buckhead area)",Posted30+ days ago,"Collaborate with team members to collect and analyze data. Use graphs, infographics, and other methods to visualize data. Proficiency in Microsoft Office Suite.",Full-time +1,https://www.indeed.com/rc/clk?jk=43235304ae711276&fccid=74e36d81c894b4b7&vjs=3
"Intern, Data Science - Summer 2022",Inspire Brands,"Atlanta, GA 30328",Posted30+ days ago,Oversee at least one cutting edge data science project from beginning to end. Preferred: Previous analytics and data science work and internship experiences.,Full-time +1,https://www.indeed.com/rc/clk?jk=a096a3932f3ecc00&fccid=1b082641b237d96b&vjs=3
Health and Benefits Intern - Summer 2022- Atlanta,Willis Towers Watson,"Atlanta, GA",Posted30+ days ago,"We provide solutions encompassing creative plan design, vendor evaluation and management, pricing and funding strategies, data analytics, valuation support, and…",Internship,https://www.indeed.com/rc/clk?jk=96e716171bbbd52f&fccid=52f90de7b5346a08&vjs=3
AT&T Labs Internship – Advanced Degrees,AT&T,"Atlanta, GA",Posted26 days ago,"Enrolled in an advanced degree program in Computer Science, Computer Engineering, Electrical/Electronic Engineering, Mathematics, Operations Research, Physics,…",Full-time +1,https://www.indeed.com/rc/clk?jk=1498e9fb540d07e5&fccid=25b5166547bbf543&vjs=3
Momentum Worldwide 2022 Internship Experience,Worldgroup Careers MWT,"Atlanta, GA 30318",Posted30+ days ago,"ANALYTICS: The Analytics department tell data-informed stories about how our activation impacted our client’s customers through the use of predictive analytics,…",Full-time +1,https://www.indeed.com/rc/clk?jk=11a2b91b4cac6235&fccid=e6a47b3c32c4e717&vjs=3
Finance Intern - Summer 2022,WestRock,"Atlanta, GA 30328",Posted30+ days ago,"Upon successful completion of the program, interns may be eligible for our full-time, two-year rotational Finance Leadership Program.",Internship,https://www.indeed.com/rc/clk?jk=ea4d9f4591be5262&fccid=1f4fef55263d4309&vjs=3
Intern - Cyber Security Operations - Summer 2022,Xylem,"Atlanta, GA 30308 (Old Fourth Ward area)",Posted19 days ago,Strong sense of ownership and drive. Excellent written and verbal communication skills. Attending an accredited University studying toward a Bachelors of…,Full-time +1,https://www.indeed.com/rc/clk?jk=de7ba3eec4062515&fccid=68ec8a8ee6cf5ac6&vjs=3
Business Intern - Southeast District (Summer 2022),Kiewit Corporation,"Atlanta, GA 30337 (Hartsfield-Jackson Atlanta International Airport area)",Posted9 days ago,"0 - 2 years of financial/data analysis experience. The Business intern will be an integral part of the month end close out process, and assist with preparing a…",Temporary +2,https://www.indeed.com/rc/clk?jk=5f1d823803727ca0&fccid=fd3e5b9fc7b91d7c&vjs=3
Commercial Operations Analyst Intern,Artera,"Atlanta, GA",EmployerActive 5 days ago,"Participate in data governance initiatives, communicating with contacts at each operating company to drive data completeness. You are logical and analytical.",Internship,https://www.indeed.com/rc/clk?jk=ec644ee1433b42b7&fccid=549e8ec12e61cc81&vjs=3
"Intern, Project Management Analyst, Summer FIS University Pr...",FIS Global,"Atlanta, GA 30363 (Buckhead area)",Posted30+ days ago,"Gathers data and conducts analysis as needed for a successful outcome. Work closely with sales, client services, finance, professional services, development,…",Full-time +1,https://www.indeed.com/rc/clk?jk=910f3ff9899c148b&fccid=74e36d81c894b4b7&vjs=3
Momentum Worldwide 2022 Internship Experience,Momentum,"Atlanta, GA 30318",Posted30+ days ago,"ANALYTICS: The Analytics department tell data-informed stories about how our activation impacted our client’s customers through the use of predictive analytics,…",Full-time +1,https://www.indeed.com/rc/clk?jk=069285917d6cd81d&fccid=53b217ceadb8368f&vjs=3
"Packaging System Analytics, Seasonal Intern/Co-Op (Fall 2022...",The Haskell Company,"Atlanta, GA 30345",Posted9 days ago,"Possess strong data visualization skills. Possess strong skills with Microsoft Excel and data manipulation. A ""Co-Op"" at Haskell, (or reoccurring internship),…",Part-time +2,https://www.indeed.com/rc/clk?jk=3b342a43eedbd155&fccid=5561a1cc80992525&vjs=3
IT Operations Intern,LeasePlan,"Atlanta, GA",Posted9 days ago,"The role will identify relevant data sources, analyze data, clearly report, and communicate the results within IT and to a variety of business teams including…",Part-time +1,https://www.indeed.com/rc/clk?jk=d174436b11b18baf&fccid=3dc6137bb6f4119b&vjs=3
Capability Development Summer Intern,UNITED PARCEL SERVICE,"Atlanta, GA 30328",Posted16 days ago,Performs moderate/advanced data analysis. The Center of Excellence (CoE) Intern is responsible for delivering on variety of projects that would include data…,Internship,https://www.indeed.com/rc/clk?jk=7b2d9a9b01afbb85&fccid=fcf465e707df52fb&vjs=3
UPS Capital BIA Data Science Intern,UNITED PARCEL SERVICE,"Atlanta, GA 30328",Posted30 days ago,Preforms data analytics to support business. Manipulates large data sets and possesses analysis skills. Explores machine learning techniques for its application…,Internship,https://www.indeed.com/rc/clk?jk=e68fe08b5aaee42a&fccid=fcf465e707df52fb&vjs=3
2022 Summer Intern - Software Engineering,Cox Automotive,"Atlanta, GA 30328",Posted30+ days ago,"Perform data analysis, coding, testing, integration and maintenance of applications. Job Level: Intern/Co-op. Other: Git, Ansible, Ansible Tower, Jenkins.",Full-time +1,https://www.indeed.com/rc/clk?jk=820cbe0517ec56cf&fccid=7e465a3d521b3ac3&vjs=3
Intern - IT,Arconic,"Norcross, GA 30092",Posted30+ days ago,Good understanding of SQL and extracting & analyzing data. Currently studying IT and focusing on data analytics/reporting.,Internship,https://www.indeed.com/rc/clk?jk=a10692566431fd4c&fccid=d6da256b9372422a&vjs=3
Atlanta Technology Consulting Intern - 2022,Protiviti,"Atlanta, GA",Posted30+ days ago,"There are various disciplines involved in Enterprise Data & Analytics, including: data source identification and analysis, data engineering, data visualization …",Full-time +1,https://www.indeed.com/rc/clk?jk=7cb921d147732875&fccid=d14e08fd6f4e5ebf&vjs=3
2023 - Summer - Consulting Intern - Data and Digital Service...,RSM US LLP,"Atlanta, GA 30309 (Midtown area)",Posted23 days ago,"Strong data assimilation and organization skills. As a Finance Automation intern, you will be able to work side-by-side RSM Consultants, using your experience…",Full-time +1,https://www.indeed.com/rc/clk?jk=8dea8840a085e2a5&fccid=198b7374e1f8a26f&vjs=3
Momentum Worldwide 2022 Internship Experience,Momentum,"Atlanta, GA 30318",Posted30+ days ago,"ANALYTICS: The Analytics department tell data-informed stories about how our activation impacted our client’s customers through the use of predictive analytics,…",Full-time +1,https://www.indeed.com/rc/clk?jk=069285917d6cd81d&fccid=53b217ceadb8368f&vjs=3
Customer Success Intern,Florence Healthcare,"Temporarily Remote in Atlanta, GA",Posted10 days ago,"Additionally, we would like this role to help support data mining efforts within several CRM platforms. Florence (florencehc.com) helps advance cures by making…",Internship,https://www.indeed.com/rc/clk?jk=0cd47e368f2e9f11&fccid=e0a809169b38c57b&vjs=3
Technology Intern Job,Acuity Brands,"Remote in Conyers, GA",Posted11 days ago,Help drive business decisions through data analysis and data visualization. Help the team in creating a data catalog / wiki and in streamlining our…,Full-time +1,https://www.indeed.com/rc/clk?jk=a13c6ea3d4768484&fccid=7fafd2106b16b1de&vjs=3
Product Design Intern - Summer 2022,Splunk,"Atlanta, GA 30301 (Buckhead area)",Posted30+ days ago,The Core Products group at Splunk is looking for a product management intern to work closely with our PM and engineering teams to help define and implement best…,Internship,https://www.indeed.com/rc/clk?jk=a234040169ce45da&fccid=aef928e89977f7f0&vjs=3
Business Analyst Intern,Alexander Group,"Atlanta, GA",Posted30+ days ago,"Conduct data analysis including basic statistical analysis. Work with client leaders in sales, marketing, finance and human resources to solve revenue growth…",Full-time +1,https://www.indeed.com/rc/clk?jk=a64ee47f703f6733&fccid=fa5cb63a42d6c6ed&vjs=3
"Student Trainee (Economist), CG-0199-04 (FDIC Pathways Inter...",US Federal Deposit Insurance Corporation,"Atlanta, GA 30309 (Midtown area)",Posted1 day ago,This work involves using software to analyze data. Applicants must have one (1) year of general experience performing economic research or related work that…,"$35,761 - $57,478 a year",https://www.indeed.com/rc/clk?jk=f42a25088a92154b&fccid=dd616958bd9ddc12&vjs=3
"Packaging System Analytics, Seasonal Intern/Co-Op (Fall 2022...",The Haskell Company,"Atlanta, GA 30345",Posted9 days ago,"Possess strong data visualization skills. Possess strong skills with Microsoft Excel and data manipulation. A ""Co-Op"" at Haskell, (or reoccurring internship),…",Part-time +2,https://www.indeed.com/rc/clk?jk=3b342a43eedbd155&fccid=5561a1cc80992525&vjs=3
"Intern, Project Management Analyst, Summer FIS University Pr...",FIS Global,"Atlanta, GA 30363 (Buckhead area)",Posted30+ days ago,"Gathers data and conducts analysis as needed for a successful outcome. Work closely with sales, client services, finance, professional services, development,…",Full-time +1,https://www.indeed.com/rc/clk?jk=910f3ff9899c148b&fccid=74e36d81c894b4b7&vjs=3
Product Design Intern - Summer 2022,Splunk,"Atlanta, GA 30301 (Buckhead area)",Posted30+ days ago,The Core Products group at Splunk is looking for a product management intern to work closely with our PM and engineering teams to help define and implement best…,Internship,https://www.indeed.com/rc/clk?jk=a234040169ce45da&fccid=aef928e89977f7f0&vjs=3
Environmental Engineering Intern,Brown and Caldwell,"Atlanta, GA 30328",Posted1 day ago,"You may be assigned, under close supervision, to simple engineering data analysis, data assessment, data entry and formatting and organizing information for…",Full-time +1,https://www.indeed.com/rc/clk?jk=2cc1cf1fe9dbf243&fccid=25f6181eb062098d&vjs=3
IT Intern - Summer 2022,HNTB Corporation,"Atlanta, GA 30309 (Midtown area)",Posted22 days ago,Basic knowledge of Databases and data concepts. Conducts basic research and data collection. Knowledge of GIS or Traffic data analysis preferred.,Full-time +1,https://www.indeed.com/rc/clk?jk=ddeb321a821a0589&fccid=827f7af01a31028e&vjs=3
Emerging Technology Research Intern,Invesco,"Atlanta, GA 30309 (Midtown area)",Posted30+ days ago,"Strong affinity and knowledge of emerging technologies (blockchain, distributed ledger, digital assets, decentralized finance,big data, machine learning, deep…",Full-time +1,https://www.indeed.com/rc/clk?jk=1c7aac720b05cc32&fccid=61e847dda35dc377&vjs=3
"Intern, Enterprise Data Engineering - Summer 2022",Inspire Brands,"Atlanta, GA 30328",Posted30+ days ago,"Data Engineering intern will be contributing to the development, testing, and delivery of our data pipelines and data infrastructure.",Full-time +1,https://www.indeed.com/rc/clk?jk=2da48c10fce971af&fccid=1b082641b237d96b&vjs=3
Intern - IT,Arconic,"Norcross, GA 30092",Posted30+ days ago,Good understanding of SQL and extracting & analyzing data. Currently studying IT and focusing on data analytics/reporting.,Internship,https://www.indeed.com/rc/clk?jk=a10692566431fd4c&fccid=d6da256b9372422a&vjs=3
Product Manager Intern (Remote - Summer 2022),Splunk,"Remote in Atlanta, GA",Posted28 days ago,The Core Products group at Splunk is looking for a product management intern to work closely with our PM and engineering teams to help define and implement best…,Internship,https://www.indeed.com/rc/clk?jk=54477489a7469731&fccid=aef928e89977f7f0&vjs=3
"Intern, Survey Research",Numerator,"Atlanta, GA",Posted11 days ago,"Familiarity with SQL and other big data technologies. Take on tasks that contribute to overall project success across multiple clients, such as survey design,…",Internship,https://www.indeed.com/rc/clk?jk=1ceeb12d626e38be&fccid=11f2ca9fb7278374&vjs=3
R&D Internship- Summer 2022 - Campus,Manhattan Associates,"Atlanta, GA",Posted30+ days ago,Our cloud and on-premises solutions and unmatched experience help drive both top-line growth and bottom-line profitability for our customers.,Full-time +1,https://www.indeed.com/rc/clk?jk=854ca9d0773703a9&fccid=8c0c36f514e69596&vjs=3
Gas Power Data and Analytics Intern – Summer2022,GE Gas Power,"Atlanta, GA 30339",Posted30+ days ago,"GE is seeking sharp, personable, highly organized interns who are looking for the opportunity to grow their domain knowledge in the data field.",Internship,https://www.indeed.com/rc/clk?jk=01b9343cc3f7fdfa&fccid=38e057261a434f79&vjs=3
"Engineering Internship, Summer 2022",Arrow Electronics,"Duluth, GA 30097",Posted17 days ago,"Arrow will supply all interns with company equipment. Quickly learn process of orders, inventory management, and data analysis. $18 - $26 Hourly*.",$18 - $26 an hour,https://www.indeed.com/rc/clk?jk=49668989b06cf890&fccid=38ee0d4d719341c1&vjs=3
"Operations Internship, Summer 2022",Arrow Electronics,"Duluth, GA 30097",Posted30+ days ago,"Arrow will supply all interns with company equipment. Quickly learn process of orders, inventory management, and data analysis. $18 - $26 Hourly*.",$18 - $26 an hour,https://www.indeed.com/rc/clk?jk=fa3581d0263deab4&fccid=38ee0d4d719341c1&vjs=3
"Intern, EPMO - Summer 2022",Inspire Brands,"Atlanta, GA 30328",Posted30+ days ago,"Assist Corporate FP&A in enterprise decision making through reporting, planning, data analysis, etc. Assist Treasury in supporting enterprise financial programs…",Full-time +1,https://www.indeed.com/rc/clk?jk=a46bf341306f8da9&fccid=1b082641b237d96b&vjs=3
Assurance While You Work Fellow - Summer 2022,PRICE WATERHOUSE COOPERS,"Atlanta, GA 30309 (Midtown area)+1 location",Posted30+ days ago,"Working with large, complex data sets to build models and leverage data visualization tools; and,. Handle, manipulate and analyse data and information…",Internship,https://www.indeed.com/rc/clk?jk=96ddd60eb8bf7410&fccid=5e964c4afc56b180&vjs=3
Intern - Information Technology Audit Analyst - Opportunity...,VMware,"Remote in Atlanta, GA",Posted30+ days ago,Awareness of process automation and data analysis is desirable. Responsible for supporting the overall InfoSec Assurance strategy of protecting information…,Full-time +1,https://www.indeed.com/rc/clk?jk=4fa58cf2bf20d69b&fccid=c762a27145bd166e&vjs=3
Product Management Intern,Kemper,"Alpharetta, GA 30022",Posted30+ days ago,Researches key business data using statistical analysis and data mining to understand historical patterns that can be utilized to improve business performance.,Internship,https://www.indeed.com/rc/clk?jk=0ed01ae4201ea3a2&fccid=595c8277c5fe1718&vjs=3
"Application Manager Intern, Supply Chain Management",Facebook App,"Atlanta, GA",Posted30+ days ago,"Understand application data models, draft SQL queries and perform data analysis to discover and troubleshoot functional issues.",Internship,https://www.indeed.com/rc/clk?jk=a006cf63ed401967&fccid=ba07516c418dda52&vjs=3
Segment Marketing Intern,Invesco,"Atlanta, GA 30309 (Midtown area)",Posted30+ days ago,"Ability to look for meaning in numbers, tell a story and make data-based recommendations. The Segment Marketing team seeks to deliver memorable experiences and…",Full-time +1,https://www.indeed.com/rc/clk?jk=4aaf4142242d93d0&fccid=61e847dda35dc377&vjs=3
Environmental Engineering Intern,Brown and Caldwell,"Atlanta, GA 30328",Posted1 day ago,"You may be assigned, under close supervision, to simple engineering data analysis, data assessment, data entry and formatting and organizing information for…",Full-time +1,https://www.indeed.com/rc/clk?jk=2cc1cf1fe9dbf243&fccid=25f6181eb062098d&vjs=3
GBS IT Vertical Summer Intern,UNITED PARCEL SERVICE,"Atlanta, GA 30328",Posted30+ days ago,"Demonstrates strong communication (verbal and written), organizational, process Mapping and data analytic skills. Proficient with Microsoft Office (Excel).",Internship,https://www.indeed.com/rc/clk?jk=6ed3efe127bf2505&fccid=fcf465e707df52fb&vjs=3
Information Technology Intern II - Graduate Level (Summer 20...,Anthem,"Atlanta, GA 30326 (North Buckhead area)",Posted30+ days ago,Must be available to participate in the intern program from June to August working 40 hours a week. Currently enrolled in a graduate-level degree-seeking…,Full-time +1,https://www.indeed.com/rc/clk?jk=5370387bc03fe61c&fccid=2a4da7fa99f4b9ae&vjs=3
Summer 2022 Intern - Customer Success Associate (MuleSoft),Salesforce,"Atlanta, GA 30326 (Lenox area)",Posted24 days ago,Learn and use Salesforce’s reporting and data analysis tools to support the team’s reporting & analysis needs. Learn about MuleSoft's messaging and strategy.,Full-time +1,https://www.indeed.com/rc/clk?jk=e3216695a628fa41&fccid=4027cfd917e1ee29&vjs=3
Software Engineer Intern (Remote - Summer 2022),Splunk,"Remote in Atlanta, GA",Posted30+ days ago,"You will get to work with smart and hardworking individuals who are doing state of the art development work (native mobile, front-end and back-end, DevOps) in…",Internship,https://www.indeed.com/rc/clk?jk=842b533814155edf&fccid=aef928e89977f7f0&vjs=3
Tax Technology Intern - Summer 2022,Mohawk Industries,"Kennesaw, GA 30144",Posted30+ days ago,"Assist in data analysis and input into various software applications. As a tax technology intern, one will learn how to redesign and deploy tax to be a…",Internship,https://www.indeed.com/rc/clk?jk=3157352976a5335f&fccid=ae484ef68fd82dea&vjs=3
"U.S. Internal Operations Business Analyst Intern (Smyrna, GA...",UCB S.A.,"Smyrna, GA 30080",Posted1 day ago,"The intern will assist in writing reports, documenting processes, conducting research, analyzing data and making recommendations to improve effectiveness and…",Part-time +2,https://www.indeed.com/rc/clk?jk=f003df77252895e2&fccid=33684b64e937e3af&vjs=3
"Intern, Southeast Programs","Enterprise Community Partners, Inc.","Atlanta, GA 30303 (Downtown area)",Posted30+ days ago,"Strong data analysis and presentation skills required. Projects may include data analysis, best practice review, program material development, research, and…",Full-time +1,https://www.indeed.com/rc/clk?jk=b1f2ae95ec53d151&fccid=251b157b840148fe&vjs=3
2023 - Summer - Consulting Intern - Risk Consulting - Proces...,RSM US LLP,"Atlanta, GA 30309 (Midtown area)",Posted23 days ago,"As a Risk Consulting Intern at RSM, you will work with various sized businesses in diverse industries and receive hands-on client experience with direct access…",Full-time +1,https://www.indeed.com/rc/clk?jk=14303e8f9eb645ed&fccid=198b7374e1f8a26f&vjs=3
Solution Analyst Intern II - Undergraduate Level (Summer 202...,Anthem,"Atlanta, GA 30326 (North Buckhead area)",Posted30+ days ago,"Data analysis and data visualization skills. Synthesize and analyze data to identify critical trends, create visual representations, and make informed, data…",Full-time +1,https://www.indeed.com/rc/clk?jk=509fffd888f94e94&fccid=2a4da7fa99f4b9ae&vjs=3
Sales Intern SMB East,UNITED PARCEL SERVICE,"Atlanta, GA 30328",Posted30 days ago,"Analyzes sales performance data and other supporting information to drive improvements and change. Intermediate user of other data analyst tools (Power BI,…",Internship,https://www.indeed.com/rc/clk?jk=7db65ca32357ee22&fccid=fcf465e707df52fb&vjs=3
Items Analyst Asc - Intern,LOCKHEED MARTIN CORPORATION,"Marietta, GA 30063",Posted30+ days ago,"Experience with SAP or similar ERP system, particularly the use of reporting capabilities to gather data for compiling performance metrics.",Internship,https://www.indeed.com/rc/clk?jk=8646c869270aa6bd&fccid=aeb15e43a6800b9d&vjs=3
Power BI Developer,Protiviti,"Atlanta, GA",Posted30+ days ago,"An ability to analyze data and determine/implement data enrichment or aggregation techniques. The Senior Consultant coaches Interns, Consultants, and…",Full-time +1,https://www.indeed.com/rc/clk?jk=ad787ea45d7df2dc&fccid=d14e08fd6f4e5ebf&vjs=3
Software Engineer Intern (Remote - Summer 2022),Splunk,"Remote in Atlanta, GA",Posted30+ days ago,"You will get to work with smart and hardworking individuals who are doing state of the art development work (native mobile, front-end and back-end, DevOps) in…",Internship,https://www.indeed.com/rc/clk?jk=842b533814155edf&fccid=aef928e89977f7f0&vjs=3
Solution Analyst Intern II - Undergraduate Level (Summer 202...,Anthem,"Atlanta, GA 30326 (North Buckhead area)",Posted30+ days ago,"Data analysis and data visualization skills. Synthesize and analyze data to identify critical trends, create visual representations, and make informed, data…",Full-time +1,https://www.indeed.com/rc/clk?jk=509fffd888f94e94&fccid=2a4da7fa99f4b9ae&vjs=3
"University Intern, Office of the CFO",Ankura,"Atlanta, GA 30309 (Midtown area)",Posted30+ days ago,"Become an integral member of an Office of the CFO project team, working with clients to solve complex issues and deliver outstanding service Assist with…",Full-time +1,https://www.indeed.com/rc/clk?jk=5065ba3c7d68cd63&fccid=ec089a92f115a89e&vjs=3
"IT Intern - Systems Admin - Atlanta, GA",Oldcastle APG,"Atlanta, GA 30346",Posted18 days ago,"Concentration in computer science / engineering, data science / engineering or related technical major. Work closely with your team, manager and mentors to…",Full-time +1,https://www.indeed.com/rc/clk?jk=407fd346ac565a8e&fccid=4bf5b27e5a8f513f&vjs=3
Process Automation Intern,Realty Income,"Atlanta, GA 30301 (Buckhead area)",Posted3 days ago,"Experience or knowledge of VBA, Excel Macros, BPM workflow solutions, RPA solutions, SQL, Power BI, data analytics, data visualization, and other middleware…",Internship,https://www.indeed.com/rc/clk?jk=8c2e11ed121d2a2e&fccid=a483e1b1222b6b18&vjs=3
Segment Marketing Intern,Invesco,"Atlanta, GA 30309 (Midtown area)",Posted30+ days ago,"Ability to look for meaning in numbers, tell a story and make data-based recommendations. The Segment Marketing team seeks to deliver memorable experiences and…",Full-time +1,https://www.indeed.com/rc/clk?jk=4aaf4142242d93d0&fccid=61e847dda35dc377&vjs=3
"Summer Intern, Partnership Marketing",SiriusXM,"Remote in Atlanta, GA",Posted18 days ago,"Familiarity with general marketing data analytics, cost per acquisition metrics, performance reporting. Compile and report out on partner data and collaborate…",Internship,https://www.indeed.com/rc/clk?jk=3671ab1b5a5dbc26&fccid=25039f950f78d541&vjs=3
Summer 2022 Sales Internship,Guardian Life Insurance Company,"Atlanta, GA",Posted30+ days ago,"Analyze data to identify and provide solutions to customer needs. Partner with sales and client management team to prepare presentations, create & review…",Full-time +1,https://www.indeed.com/rc/clk?jk=5becef2de2967cfa&fccid=64294ff4323ee213&vjs=3
"Summer Intern 2022 - Graphic Design, Creative Services",Salesforce,"Atlanta, GA 30326 (Lenox area)",Posted30+ days ago,At least three (3) Months of past intern/co-op or freelance Communications Design / Graphic Design Production experience.,Full-time +1,https://www.indeed.com/rc/clk?jk=36cd5365e4c7cc0a&fccid=4027cfd917e1ee29&vjs=3
GBS IT Vertical Summer Intern,UNITED PARCEL SERVICE,"Atlanta, GA 30328",Posted30+ days ago,"Demonstrates strong communication (verbal and written), organizational, process Mapping and data analytic skills. Proficient with Microsoft Office (Excel).",Internship,https://www.indeed.com/rc/clk?jk=6ed3efe127bf2505&fccid=fcf465e707df52fb&vjs=3
Automation Software Systems - Intern,Aruba Networks,"Alpharetta, GA 30004",Posted30+ days ago,You will be expected to join regular team meetings to gain context and understand the roles of other team members along with taking guidance from a smaller…,Internship,https://www.indeed.com/rc/clk?jk=5d39e74f63f8a4cc&fccid=36234d625fdcdd96&vjs=3
Product Supply Internship - Manufacturing Track (June 2022),The Clorox Company,"Forest Park, GA 30297",Posted30+ days ago,"Analyze plant LEDS, SAP and other data to determine priorities for improvement efforts and build teams to address the issues.",Full-time +1,https://www.indeed.com/rc/clk?jk=621b11e16af501a2&fccid=b819ccc257811b0d&vjs=3
2022 Master's Level Summer Internship Program - Product Mana...,U.S. Bank,"Atlanta, GA",Posted30+ days ago,Experience in Tableau and familiarity with data analysis. Attend social and professional development events. Perform a strategic assessment (including business…,Full-time +1,https://www.indeed.com/rc/clk?jk=17314a9d35e671f2&fccid=ae5bfc395c530fbc&vjs=3
Information Technology Intern II - Graduate Level (Summer 20...,Anthem,"Atlanta, GA 30326 (North Buckhead area)",Posted30+ days ago,Must be available to participate in the intern program from June to August working 40 hours a week. Currently enrolled in a graduate-level degree-seeking…,Full-time +1,https://www.indeed.com/rc/clk?jk=5370387bc03fe61c&fccid=2a4da7fa99f4b9ae&vjs=3
Telecommunications Design Intern - Summer 2022,Jacobs,"Atlanta, GA 30319",Posted30+ days ago,"You’ll tap into both your creative and analytical sides as you complete CAD designs, collect and prepare data as well as support project coordination on some of…",Full-time +1,https://www.indeed.com/rc/clk?jk=67507fb49c759da2&fccid=de56d7554bea5214&vjs=3
Business Intelligence Intern,ROAO Distribution,"McDonough, GA 30253",Posted4 days ago,"Performs data analysis and recommends opportunities for process improvement. Performs in-depth research, analyzes data, and communicates findings.",Temporary +2,https://www.indeed.com/rc/clk?jk=a22597cb5d2cdb5f&fccid=dd616958bd9ddc12&vjs=3
"Summer Intern 2022 - Graphic Design, Creative Services",Salesforce,"Atlanta, GA 30326 (Lenox area)",Posted30+ days ago,At least three (3) Months of past intern/co-op or freelance Communications Design / Graphic Design Production experience.,Full-time +1,https://www.indeed.com/rc/clk?jk=36cd5365e4c7cc0a&fccid=4027cfd917e1ee29&vjs=3
3M HIS Software Development Intern,3M,"Atlanta, GA",Posted30+ days ago,Experience with machine learning or big data systems. 3M provides eligible interns with temporary housing and round-trip travel reimbursement in accordance with…,Temporary +2,https://www.indeed.com/rc/clk?jk=b27dbdb727173162&fccid=595d42593839d3a2&vjs=3
Business Intelligence Intern,Luxottica,"McDonough, GA 30253",Posted4 days ago,"Performs data analysis and recommends opportunities for process improvement. Performs in-depth research, analyzes data, and communicates findings.",Temporary +2,https://www.indeed.com/rc/clk?jk=d74fb266ce26c607&fccid=a49d99f2875604a1&vjs=3
Product Supply Internship - Manufacturing Track (June 2022),The Clorox Company,"Forest Park, GA 30297",Posted30+ days ago,"Analyze plant LEDS, SAP and other data to determine priorities for improvement efforts and build teams to address the issues.",Full-time +1,https://www.indeed.com/rc/clk?jk=621b11e16af501a2&fccid=b819ccc257811b0d&vjs=3
Transportation Network Design Intern,Luxottica,"McDonough, GA 30253",Posted4 days ago,"Performs data analysis and recommends opportunities for process improvement. Performs in-depth research, analyzes data, and communicates findings.",Temporary +2,https://www.indeed.com/rc/clk?jk=28896e151a0b0e55&fccid=a49d99f2875604a1&vjs=3
Retirement Actuarial Intern - Summer 2022-Atlanta,Willis Towers Watson,"Atlanta, GA",Posted30+ days ago,"Gain direct exposure to real client assignments and meetings which will draw on your imagination and creativity as well as your ability to analyze data, solve…",Internship,https://www.indeed.com/rc/clk?jk=fb229d5652db0f15&fccid=52f90de7b5346a08&vjs=3
UPS Capital Work Measurement Supervisor,UNITED PARCEL SERVICE,"Atlanta, GA 30328",Posted30+ days ago,"Conducts departmental orientation for selected interns to ensure their understanding of polices, processes, and work assignments.",Full-time +1,https://www.indeed.com/rc/clk?jk=8ce0234143593ed5&fccid=fcf465e707df52fb&vjs=3
"Intern, Digital Experience Performance - Summer 2022",Inspire Brands,"Atlanta, GA 30328",Posted30+ days ago,"The ideal intern will be able to analyze and interpret data, with an ability to break down insights in a digestible way for cross-functional teams.",Full-time +1,https://www.indeed.com/rc/clk?jk=80a3e67f93ce41be&fccid=1b082641b237d96b&vjs=3
"Intern, Marketing Execution Analyst - Summer 2022",Inspire Brands,"Atlanta, GA 30328",Posted30+ days ago,"1+ years of data analysis experience using SQL, R, or Python. Understanding of relational data, how to work with multiple tables inside of SFMC and SQL…",Full-time +1,https://www.indeed.com/rc/clk?jk=6ddc833868ae54f6&fccid=1b082641b237d96b&vjs=3
Plumbing Engineer (Early Career),kW Mission Critical Engineering,"Atlanta, GA",Posted9 days ago,"Prepare data tables, charts, accurate reports, sketches, calculations, technical drawings, spreadsheets, and illustrations for the interpretation or…",Full-time +1,https://www.indeed.com/rc/clk?jk=caae16786cd51d02&fccid=98b61e85c60af7fb&vjs=3
"University Intern, Office of the CFO",Ankura,"Atlanta, GA 30309 (Midtown area)",Posted30+ days ago,"Become an integral member of an Office of the CFO project team, working with clients to solve complex issues and deliver outstanding service Assist with…",Full-time +1,https://www.indeed.com/rc/clk?jk=5065ba3c7d68cd63&fccid=ec089a92f115a89e&vjs=3
Summer 2022 Sales Internship,Guardian Life Insurance Company,"Atlanta, GA",Posted30+ days ago,"Analyze data to identify and provide solutions to customer needs. Partner with sales and client management team to prepare presentations, create & review…",Full-time +1,https://www.indeed.com/rc/clk?jk=5becef2de2967cfa&fccid=64294ff4323ee213&vjs=3
Transportation Network Design Intern,ROAO Distribution,"McDonough, GA 30253",Posted4 days ago,"Performs data analysis and recommends opportunities for process improvement. Performs in-depth research, analyzes data, and communicates findings.",Temporary +2,https://www.indeed.com/rc/clk?jk=a259a1213ec18ec8&fccid=dd616958bd9ddc12&vjs=3
Software Engineer Intern - Summer 2022,McKesson,"Atlanta, GA 30329",Posted30+ days ago,"Experience with data processing using SQL queries, Stored Procedures, and ETL tools. The intern is assigned a project-focused opportunity on a current targeted…", ,https://www.indeed.com/rc/clk?jk=a2983a935498504d&fccid=a7c5036618407010&vjs=3
"Autonomous Optimization Developer Intern, Summer 2022",Trimble,"Alpharetta, GA 30022",Posted30+ days ago,"Trimble is looking to hire a software engineering intern for vehicle automation. Trimble is recruiting for an Autonomous Software Engineer Intern in Alpharetta,…", ,https://www.indeed.com/rc/clk?jk=19b888edd0464954&fccid=41ffc18dec1f58bf&vjs=3
"Water Engineering Intern - Atlanta, GA",Arcadis,"Atlanta, GA",Posted30+ days ago,"Support Asset Management projects performing data analytics, operational and organizational assessments, condition assessments and overall performance…", ,https://www.indeed.com/rc/clk?jk=542558fdaf05b14d&fccid=1e9cc2318c796627&vjs=3
Masters/PhD Intern - Technology - Multiple Locations - 2022,Visa,"Atlanta, GA",Posted30+ days ago,Our team enables Visa to tell our data story through business intelligence and develop innovative data-driven products. We’re the team for you., ,https://www.indeed.com/rc/clk?jk=0d2537dbcc8f303d&fccid=a3f737e511d9fc8c&vjs=3
Business Intelligence Intern,Luxottica,"McDonough, GA 30253",Posted4 days ago,"Performs data analysis and recommends opportunities for process improvement. Performs in-depth research, analyzes data, and communicates findings.", ,https://www.indeed.com/rc/clk?jk=d74fb266ce26c607&fccid=a49d99f2875604a1&vjs=3
Business Intelligence Intern,ROAO Distribution,"McDonough, GA 30253",Posted4 days ago,"Performs data analysis and recommends opportunities for process improvement. Performs in-depth research, analyzes data, and communicates findings.", ,https://www.indeed.com/rc/clk?jk=a22597cb5d2cdb5f&fccid=dd616958bd9ddc12&vjs=3
Transportation Network Design Intern,ROAO Distribution,"McDonough, GA 30253",Posted4 days ago,"Performs data analysis and recommends opportunities for process improvement. Performs in-depth research, analyzes data, and communicates findings.", ,https://www.indeed.com/rc/clk?jk=a259a1213ec18ec8&fccid=dd616958bd9ddc12&vjs=3
AI Engineering/Computer Vision/Machine Learning Intern,Dematic,"Atlanta, GA 30339",Posted18 days ago,Work directly with real and synthetic data to train models and build data-driven solutions. Reinforcement Learning / Computer vision / Machine Learning., ,https://www.indeed.com/rc/clk?jk=de6b6edc72eab75d&fccid=a8f329dd0b768fb7&vjs=3
Global Sales & Strategy Summer 2022 Internship - Atlanta,JLL,"Atlanta, GA",Posted30+ days ago,Knowledge of data visualization software like Tableau is a plus. We’re JLL—a leading professional services and investment management firm specializing in real…, ,https://www.indeed.com/rc/clk?jk=36f82eb7749d1314&fccid=9917de3c28f569f6&vjs=3
Facilities Management Engineering Intern,Intuitive,"Peachtree Corners, GA",Posted30+ days ago,"Analyze data for savings opportunities. Maintain and optimize file and data storage structure. At Intuitive, we are united behind our mission: we believe that…", ,https://www.indeed.com/rc/clk?jk=d96397f485580520&fccid=d6b72d8e517818a0&vjs=3
Transportation Network Design Intern,Luxottica,"McDonough, GA 30253",Posted4 days ago,"Performs data analysis and recommends opportunities for process improvement. Performs in-depth research, analyzes data, and communicates findings.", ,https://www.indeed.com/rc/clk?jk=28896e151a0b0e55&fccid=a49d99f2875604a1&vjs=3
Tax Technology Intern - Summer 2022,Mohawk Industries,"Kennesaw, GA 30144",Posted30+ days ago,"Assist in data analysis and input into various software applications. As a tax technology intern, one will learn how to redesign and deploy tax to be a…", ,https://www.indeed.com/rc/clk?jk=3157352976a5335f&fccid=ae484ef68fd82dea&vjs=3
2022 Summer Intern- Business Operations,Cox Automotive,"Atlanta, GA 30319",Posted30+ days ago,Perform data clean up activities. Perform data clean up activities. Use data to build operational process flows/maps. Job Level: Intern/Co-op., ,https://www.indeed.com/rc/clk?jk=649094c2a6209428&fccid=7e465a3d521b3ac3&vjs=3
Summer 2022 Programmatic Advertising Fellowship,MiQ Digital,"Remote in Atlanta, GA",Posted30+ days ago,"We connect data from multiple sources to do interesting, exciting, business-problem-solving things for our clients. Role: Summer 2022 Programmatic Fellowship.", ,https://www.indeed.com/rc/clk?jk=804fc32cd534e447&fccid=19393daddd5b324a&vjs=3
CDC Health Communications Research & Evaluation Internship,Centers for Disease Control and Prevention (CDC),"Atlanta, GA 30329",Posted3 days ago,Conducting qualitative and quantitative data analysis. Designing and developing qualitative and quantitative research and evaluation protocols and data…, ,https://www.indeed.com/rc/clk?jk=898b74a356cc8a8c&fccid=9ee66ada40315e6d&vjs=3
Digital Assurance & Transparency Tech & Data Intern - Summer...,PRICE WATERHOUSE COOPERS,"Atlanta, GA 30309 (Midtown area)",Posted30+ days ago,"Support data analysis and identify anomalies in the data; Learning how to evaluate, cleanse, design, and implement data models using data mining techniques;…",Internship,https://www.indeed.com/rc/clk?jk=798a8f86dcaed1d9&fccid=5e964c4afc56b180&vjs=3
"Research and Development Intern, Summer 2022",Trimble,"Alpharetta, GA 30022",Posted30+ days ago,Simulators - Run and create test case scenarios/collect data. “Hands on” assistance in all aspects of the product software development process including…,Full-time +1,https://www.indeed.com/rc/clk?jk=d78098ea977a9bef&fccid=41ffc18dec1f58bf&vjs=3
Masters/PhD Intern - Technology - Multiple Locations - 2022,Visa,"Atlanta, GA",Posted30+ days ago,Root cause analysis and documentation of software defects. Apply critical thinking and problem solving skills to testing challenges.,Internship,https://www.indeed.com/rc/clk?jk=0d2537dbcc8f303d&fccid=a3f737e511d9fc8c&vjs=3
"Autonomous Optimization Developer Intern, Summer 2022",Trimble,"Alpharetta, GA 30022",Posted30+ days ago,Trimble is looking to hire a software engineering intern for vehicle automation. Trimble Autonomous Solutions are at the forefront of the vehicle and implement…,Full-time +1,https://www.indeed.com/rc/clk?jk=19b888edd0464954&fccid=41ffc18dec1f58bf&vjs=3
Facilities Management Engineering Intern,Intuitive,"Peachtree Corners, GA",Posted30+ days ago,Analyze data for savings opportunities. Maintain and optimize file and data storage structure. University Enrollment: Must be currently enrolled in and…,Full-time +1,https://www.indeed.com/rc/clk?jk=d96397f485580520&fccid=d6b72d8e517818a0&vjs=3
2023 Staff Accountant Intern,Novogradac & Company,"Atlanta, GA",Posted30+ days ago,"Conduct business specific research – gather and analyze data, interpret results, compile reports and make recommendations to principals and partners.",Full-time +1,https://www.indeed.com/company/NOVOGRADAC-&-COMPANY/jobs/Staff-Accountant-Intern-f1572458acab0f3c?fccid=547dc8b84c011e64&vjs=3
Summer 2022-MBA Intern- Sales Strategy Manager (MuleSoft),Salesforce,"Atlanta, GA 30326 (Lenox area)",Posted30+ days ago,"Perform ad-hoc data analysis and modelling to support executive decision making. Moreover, candidates must excel at extracting insights from data and converting…",Full-time +1,https://www.indeed.com/rc/clk?jk=45ded786b4d3b1d2&fccid=4027cfd917e1ee29&vjs=3
Tax Internship- Spring 2023,Wipfli LLP,"Atlanta, GA 30303 (Downtown area)+1 location",Posted30+ days ago,Use data analysis skills to discover useful information and patterns to provide support in recommendations. Respond to client and firm associate requests in a…,Internship,https://www.indeed.com/rc/clk?jk=9261bab369e58830&fccid=32fd632314a97f48&vjs=3
"Water Engineering Intern - Atlanta, GA",Arcadis,"Atlanta, GA",Posted30+ days ago,"Support Asset Management projects performing data analytics, operational and organizational assessments, condition assessments and overall performance…",Part-time +1,https://www.indeed.com/rc/clk?jk=542558fdaf05b14d&fccid=1e9cc2318c796627&vjs=3
"QA Engineer - Austin, TX",The Coca-Cola Company,"Atlanta, GA 30313 (Downtown area)",Posted16 days ago,Work with suppliers to establish and maintain controlled manufacturing processes utilizing PFMEA. Work with suppliers to establish control methods and quality…,Full-time +1,https://www.indeed.com/rc/clk?jk=d70bac59ce3629ed&fccid=6bb4fc4a8a4cb4d9&vjs=3
Investigations&Forensics Consulting-Summer 2023-Women's Cons...,PRICE WATERHOUSE COOPERS,"Atlanta, GA 30309 (Midtown area)",Posted30+ days ago,The Women's Consulting Experience (WCE) program is eligible to students who self-identify as female and 1) are currently enrolled sophomores in a four-year…,Internship,https://www.indeed.com/rc/clk?jk=fe1823f69bdf3192&fccid=5e964c4afc56b180&vjs=3
Career Consulting Summer Internship- Atlanta- College Progra...,Mercer,"Atlanta, GA 30326 (North Buckhead area)",Posted30+ days ago,"Collect and examine data relevant to developing solutions in the various practices. Knowledge of data analysis, project management, and presentation design.",Internship,https://www.indeed.com/rc/clk?jk=88d934e061e538e7&fccid=d9f4e1b2980098ea&vjs=3
CDC Health Communications Research & Evaluation Internship,Centers for Disease Control and Prevention (CDC),"Atlanta, GA 30329",Posted3 days ago,Conducting qualitative and quantitative data analysis. Designing and developing qualitative and quantitative research and evaluation protocols and data…,Full-time +1,https://www.indeed.com/rc/clk?jk=898b74a356cc8a8c&fccid=9ee66ada40315e6d&vjs=3
Global Sales & Strategy Summer 2022 Internship - Atlanta,JLL,"Atlanta, GA",Posted30+ days ago,"Knowledge of data visualization software like Tableau is a plus. Some tasks may include market sizing, competitive analyses, assessing portfolio trends, and…",Internship,https://www.indeed.com/rc/clk?jk=36f82eb7749d1314&fccid=9917de3c28f569f6&vjs=3
Summer 2022 Programmatic Advertising Fellowship,MiQ Digital,"Remote in Atlanta, GA",Posted30+ days ago,MiQ’s Programmatic Fellowship (MPF). We’re launching our Fellowship Program (Internship) to train and develop emerging talent interested in digital advertising.,Full-time +1,https://www.indeed.com/rc/clk?jk=804fc32cd534e447&fccid=19393daddd5b324a&vjs=3
"Product Manager, Big Data Platform",Salesforce,"Atlanta, GA 30326 (Lenox area)",Posted30+ days ago,This role is only open to those who are current or prior Salesforce MBA interns. You will engage Salesforce-wide data & insights consumers to understand their…, ,https://www.indeed.com/rc/clk?jk=ca5b4247096f8f6c&fccid=4027cfd917e1ee29&vjs=3
MBA Retail Consumer Products Internship Summer 2022 – Brand...,Georgia-Pacific,"Atlanta, GA 30303 (Downtown area)",Posted5 days ago,"Additionally, interns could have some ongoing data analysis and reporting responsibilities. High performing interns will be considered, upon graduation, for…", ,https://www.indeed.com/rc/clk?jk=d5836278734f6e34&fccid=f6b5ad8b9dfbe57b&vjs=3
Traffic / Transportation Engineering Intern,Arcadis,"Atlanta, GA",Posted30+ days ago,"Utilize big data sources to identify safety and operational needs. O you have an interest in traffic engineering/ planning, intelligent transportation systems,…", ,https://www.indeed.com/rc/clk?jk=f40620c9af33e2b9&fccid=1e9cc2318c796627&vjs=3
Cyber Security Consulting Intern-Summer 2023-Women's Consult...,PRICE WATERHOUSE COOPERS,"Atlanta, GA 30309 (Midtown area)",Posted30+ days ago,"Applying knowledge and insights on relevant laws, regulations, and leading practices related to cybersecurity, privacy, data and forensics to support data…", ,https://www.indeed.com/rc/clk?jk=df8cbe74a9c63a58&fccid=5e964c4afc56b180&vjs=3
Intern - Software Engineering - Summer 2022,Xylem,"Atlanta, GA 30308 (Old Fourth Ward area)",Posted29 days ago,"Exposure to data structures and algorithms. As a member of the Software Engineering Team, the incumbent will design, develop and test Java software applications…", ,https://www.indeed.com/rc/clk?jk=fc3c16b8a5a68188&fccid=68ec8a8ee6cf5ac6&vjs=3
Cyber & Forensic Consulting Intern - Summer 2022,PRICE WATERHOUSE COOPERS,"Atlanta, GA 30309 (Midtown area)",Posted30+ days ago,"Researching and analyzing technical matters, while utilizing problem-solving skills - this includes the analysis of large and complex data sets, demonstrating…", ,https://www.indeed.com/rc/clk?jk=b1cab52a688dad95&fccid=5e964c4afc56b180&vjs=3
Intern - Underwriting - Surety,Skyward Specialty Insurance,"Atlanta, GA 30339+1 location",Posted12 days ago,"The intern will need to use strong communication skills, an understanding of data analytics, and the ability to analyze the financial health of companies…", ,https://www.indeed.com/company/Skyward-Specialty-Insurance/jobs/Intern-d3977946fcf8fc8b?fccid=a89d217ee307ca23&vjs=3
Product Quality Engineer Intern,ViaSat,"Atlanta, GA",Posted30+ days ago,"Strong math, statistics and data analysis skills. Strong math, statistics and data analysis skills. Review product yield and field reliability data for trends…", ,https://www.indeed.com/rc/clk?jk=60cd675c14018107&fccid=8b219f1987ef65ea&vjs=3
2022 SUMMER INTERN - DIGITAL MARKETING & SALES,Kloeckner Metals,"Roswell, GA 30076",Posted30+ days ago,"Additionally, interns will participate in scheduled activities, including sessions with Senior Leaders and other networking opportunities.", ,https://www.indeed.com/rc/clk?jk=8a1339ec63d41fbe&fccid=807d0ef1987af26b&vjs=3
Audit Internship- Summer 2023,Wipfli LLP,"Atlanta, GA 30303 (Downtown area)+1 location",Posted30+ days ago,Use data analysis skills to discover useful information and patterns to provide support in recommendations. Respond to client and firm associate requests in a…, ,https://www.indeed.com/rc/clk?jk=883215ced0acb255&fccid=32fd632314a97f48&vjs=3
Data&Analytics Tech Consulting - Summer 2023 - Women's Consu...,PRICE WATERHOUSE COOPERS,"Atlanta, GA 30309 (Midtown area)",Posted30+ days ago,"Learning how to evaluate, cleanse, design, and implement data models using data mining techniques; understand business intelligence and relational database…", ,https://www.indeed.com/rc/clk?jk=27db152bf96b28b3&fccid=5e964c4afc56b180&vjs=3
B-SEEN Alzheimer's Registry intern,Georgia Department of Public Health (GA),"Peachtree, GA",Posted10 days ago,Focus on biobehavioral surveillance and data management activitiesParticipate in ongoing analysis of real-world data to measure health risk behaviors and health…, ,https://www.indeed.com/rc/clk?jk=b29268ae8144a8b7&fccid=e33e3766ed33bac4&vjs=3
Data Analytics Intern - Summer 2022,FanDuel,"Atlanta, GA",Posted30+ days ago,Learn the various data structures of the company through hands-on data examination and mentoring. Proficient in using excel for analysis and data visualizations…, ,https://www.indeed.com/rc/clk?jk=fb1e88bf97389e28&fccid=ada833cd00ae27d8&vjs=3
UX Designer Intern,OneTrust,"Remote in Atlanta, GA",Posted11 days ago,"UX Metrics: Identify, collect, and analyze data to inform user experience decisions, including web metrics, customer support data, and other sources.", ,https://www.indeed.com/rc/clk?jk=a441445dde4c8edd&fccid=97a0e5dc21190cb4&vjs=3
Data Analyst Intern,SiteOne Landscape Supply,"Remote in Roswell, GA",Posted2 days ago,Proactively analyze data to identify areas of opportunity and provide business recommendations. Gathers and summarizes data from various sources in order to…, ,https://www.indeed.com/rc/clk?jk=c7d859f6db784313&fccid=7a9a9f172531cfd5&vjs=3
Publicis Media Summer 2022 Internship- Atlanta,Publicis Media,"Atlanta, GA",Posted30+ days ago,Attend intern trainings and events. Serve as first point of contact for interns across all locations. Interest in working with data and comfort with math and…,Full-time +1,https://www.indeed.com/rc/clk?jk=577944bef1611d76&fccid=18d58239dbfc6097&vjs=3
Intern – Business Operations,SeaTec Consulting,"Atlanta, GA 30309 (Midtown area)",Posted8 days ago,Assisting with data analysis / process analysis in CRM. The SeaTec Intern Management Program assigns an intern to both a People Lead manager to develop the…,Part-time +2,https://www.indeed.com/rc/clk?jk=b0e3bafd2d70c2af&fccid=f11bc8d3ba9211d1&vjs=3
Staff Accountant Intern,Jackmont Hospitality,"Atlanta, GA 30309 (Midtown area)",Posted3 days ago,"Monitor and collect data to assess accuracy and integrity; analyze data; ensure compliance with applicable standards, rules, regulations, and systems of…",$20 an hour,https://www.indeed.com/company/Jackmont-Hospitality/jobs/Staff-Accountant-Intern-44c0aba4afabfd3e?fccid=c8b124ba0809d932&vjs=3
Community Investment Services Bank Intern,Federal Home Loan,"Atlanta, GA 30309 (Midtown area)",Posted29 days ago,"Assist with the development of the Bank’s Targeted Community Lending Plan (TCLP) annual updates to include research to collect housing, economic, income and…",Internship,https://www.indeed.com/rc/clk?jk=e63be1bfbfe8cb2e&fccid=c200da666e5e7df1&vjs=3
Physics Intern - Spring,"FUSMobile, Inc.","Alpharetta, GA",Posted30+ days ago,"The intern will also receive some didactic training in the growing field of HIFU. Ability in MS Excel, MATLAB, and/or Python for data analysis.",$17 an hour,https://www.indeed.com/rc/clk?jk=567b8ee14acbc4e6&fccid=4db90850d344b230&vjs=3
Engineer Summer Intern,Wade Trim,"Atlanta, GA",Posted2 days ago,"Perform data analysis of continuous flow and rainfall data. Candidates must be pursuing a bachelor""s degree in civil and/or environmental engineering (junior or…",Full-time +1,https://www.indeed.com/rc/clk?jk=8e953a3ee091afb3&fccid=e2821790bdcaad7a&vjs=3
Program Evaluation Internship,"Passion for Life, Inc.","Atlanta, GA 30356",Posted22 days ago,"Program Evaluators will be responsible for developing program evaluation plans, methodology, implementation and data analysis.",Internship,https://www.indeed.com/rc/clk?jk=0bf40353886a583c&fccid=dd616958bd9ddc12&vjs=3
Account Executive,Flex USA,"Decatur, GA+15 locations",Posted30+ days ago,"Good understanding of research methods and data analysis techniques. Gather, analyze and interpret external and internal data and write reports.","$45,000 - $85,000 a year",https://www.indeed.com/company/The-Power-Of-Do-Llc/jobs/Account-Executive-b8d2ebaa4c1cd45a?fccid=54025dc85ee8535a&vjs=3
Marketing Intern/Assistant,Rejuvaa Wellness Bar,"Atlanta, GA",EmployerActive 5 days ago,"Good understanding of market research techniques, statistical and data analysis methods. We are looking for a passionate Marketing Assistant / Administrator to…",$10 - $12 an hour,https://www.indeed.com/company/Rejuvaa-Wellness-Bar/jobs/Marketing-Intern-Assistant-3dc79a6ac808fdc5?fccid=513e4bd5d1cf668b&vjs=3
Project Intern,"Brailsford & Dunlavey, LLC.","Hybrid remote in Atlanta, GA",Posted30+ days ago,"Reporting to an associate, the intern will play a dynamic role on the project team by focusing on research, data analytics and synthesis for client engagements…",Full-time +1,https://www.indeed.com/rc/clk?jk=dd33f8fcbc7c8085&fccid=af83725659476c57&vjs=3
Business Internship (January 2022 Start),Carpool Logistics,"Atlanta, GA 30305 (North Buckhead area)",EmployerActive 3 days ago,Leverage data analytics to negotiate rates with the carriers. Leverage analytics to review shipment data and handle regular business reviews.,$17 an hour,https://www.indeed.com/company/Carpool-Logistics/jobs/Business-Internship-37e08d3567359545?fccid=1cba9a1dd706d2c3&vjs=3
PR Strategist,Clever Real Estate,"Remote in Atlanta, GA",Posted30+ days ago,"Experience promoting research or data-driven reports. Experience with data analysis (e.g., descriptive statistics, cross tabs). Bachelor’s degree or higher.","$45,000 - $65,000 a year",https://www.indeed.com/company/Clever-Real-Estate/jobs/PR-Strategist-0aa318db62eeacd5?fccid=7d90ab5d08a1eb97&vjs=3
Open Source Lead Developer,Food Around - Wakuu Corporations,"Remote in Atlanta, GA",EmployerActive 15 days ago,Food Around is seeking a strong Open-Source Lead iOS Developer okay with primarily focusing on Leading Native Swift development.,Temporary +4,"https://www.indeed.com/company/Wakuu-Enterprises,-Inc./jobs/Open-Source-Lead-Developer-23265eb9ed7d1b2e?fccid=902cc2ad191296e6&vjs=3"
Credit & Collateral Analytics & Valuation Bank Intern,Federal Home Loan,"Atlanta, GA 30309 (Midtown area)",Posted29 days ago,"Our products, services, and programs help financial institutions manage daily liquidity, fund mortgages originated for sale in the secondary market, fund loans…",Internship,https://www.indeed.com/rc/clk?jk=2d186fe6f744dbf3&fccid=c200da666e5e7df1&vjs=3
Data Analyst Intern,LocumTenens.com,"Alpharetta, GA 30009",Posted1 day ago,As a data intern you will have the opportunity to partner with our data team to support our data and corporate project. ESSENTIAL FUNCTIONS AND BASIC DUTIES:,Internship,https://www.indeed.com/rc/clk?jk=e4c224a49a6b80d0&fccid=ffc6e2040d7548c9&vjs=3
